{"cameraMode":{"drawMode":0,"name":"Shaded","section":"Shading Mode"},"sceneLighting":false,"audioPlay":false,"sceneViewState":{"m_AlwaysRefresh":false,"showFog":true,"showSkybox":false,"showFlares":true,"showImageEffects":true,"showParticleSystems":true,"showVisualEffectGraphs":true,"m_FxEnabled":true},"in2DMode":false,"pivot":{"x":0.019999980926513673,"y":0.5959999561309815,"z":-13.180000305175782},"rotation":{"x":0.00024472601944580674,"y":-0.980309784412384,"z":0.1975039392709732,"w":0.0012680981308221818},"size":3.8697028160095217,"orthographic":true}